{
    "x_position": [
        5522.288124643585,
        258.2453626250596,
        44.94500313640587,
        198.82982136349463,
        8731.85251471189,
        35451.75144905652,
        42090.01890084598,
        75111.20467365671,
        70444.38750818826,
        121733.7400036024
    ],
    "y_position": [
        2115.4089382626266,
        290.8745680351691,
        19.250362289904505,
        220.55140681320302,
        7884.3475562419635,
        12309.129479081741,
        -983.5082505398929,
        285.00323827437086,
        -452.3784307413957,
        -6639.154672723354
    ],
    "distance_from_origin": [
        6235.569809016577,
        479.83024407779703,
        64.7287193975323,
        320.0618870605504,
        12426.26763797429,
        37638.050743660395,
        42191.86925091344,
        75185.18496952255,
        70543.99315329429,
        122056.26834238326
    ],
    "x_velocity": [
        88.30610106572726,
        33.526163430077204,
        26.109844130418637,
        39.196831992207336,
        315.19583282832696,
        832.7852705602023,
        1086.2218852559868,
        1871.371100752654,
        1927.3833691165373,
        3051.0848904197746
    ],
    "y_velocity": [
        38.49353835990968,
        14.071128088832674,
        14.993643544748865,
        39.467188226896695,
        283.4305349049963,
        329.18221977287203,
        -23.584733456643654,
        -2.546394303564675,
        12.99966305548643,
        -175.8984760940993
    ],
    "fitness_score": [
        1576.1475048516336,
        57.214783048433716,
        -44.53101432454744,
        -6.793250531910703,
        932.6019727310791,
        2081.6763534581246,
        2137.103695896458,
        2895.9228329412713,
        2589.480326077908,
        3861.8894651422074
    ],
    "reward_forward": [
        176.61220213145452,
        67.05232686015441,
        52.21968826083727,
        78.39366398441467,
        630.3916656566539,
        1665.5705411204046,
        2172.4437705119735,
        3742.742201505308,
        3854.7667382330746,
        6102.169780839549
    ],
    "reward_ctrl": [
        -159.16847011452774,
        -51.906151843839325,
        -32.016352743376046,
        -46.70901005534688,
        -247.63679425625014,
        -522.671751456015,
        -625.9356841648696,
        -859.7418249874609,
        -819.0123392884852,
        -1181.2779114749283
    ],
    "reward_contact": [
        -4.534712103305381,
        -0.15545936431295165,
        -0.03496746953654224,
        -0.07555686541508973,
        -1.1269979448114036,
        -1.9958120985482117,
        -1.8395499372127677,
        -1.7152883648059494,
        -1.1398626347282788,
        -1.2576132207083999
    ],
    "reward_survive": [
        2400.0,
        237.75,
        76.125,
        127.875,
        1326.0,
        2400.0,
        2224.6875,
        2400.0,
        1870.6875,
        2400.0
    ],
    "reward": [
        2412.9090212183323,
        242.74071596222348,
        86.29336840601172,
        149.48409730714047,
        1697.6278733178315,
        3540.902979319915,
        3768.106037686128,
        5281.285085345269,
        4901.552037591813,
        7319.634258745529
    ],
    "episode_length": [
        1600.0,
        159.5,
        51.75,
        86.25,
        885.0,
        1600.0,
        1483.25,
        1600.0,
        1247.5,
        1600.0
    ]
}